order_id,customer_id,product_id,quantity,order_date
1001,136,102,1,2025-02-03
1002,223,112,3,2024-08-27
1003,224,120,5,2024-10-13
1004,60,113,5,2024-07-19
1005,98,109,1,2025-02-11
1006,224,101,5,2025-05-14
1007,276,107,3,2024-11-21
1008,221,103,3,2024-06-16
1009,161,104,3,2024-06-25
1010,260,110,4,2025-04-09
1011,168,113,3,2024-06-23
1012,284,105,2,2024-06-26
1013,216,113,2,2024-11-04
1014,292,110,4,2024-06-27
1015,281,101,3,2025-03-06
1016,147,107,4,2025-03-03
1017,297,120,3,2024-10-12
1018,239,115,4,2025-04-01
1019,110,117,4,2024-07-10
1020,87,103,3,2024-12-23
1021,264,120,3,2024-06-13
1022,48,108,3,2025-01-03
1023,116,107,2,2024-12-25
1024,13,102,2,2024-12-25
1025,244,120,1,2024-09-26
1026,234,114,5,2025-02-05
1027,100,113,4,2024-07-07
1028,205,108,2,2024-10-27
1029,3,104,4,2024-10-05
1030,113,106,5,2025-04-25
1031,238,102,5,2025-02-03
1032,128,104,4,2025-05-21
1033,69,115,5,2025-03-08
1034,287,120,3,2024-11-01
1035,227,120,5,2025-04-23
1036,219,118,4,2025-05-11
1037,82,116,4,2025-02-25
1038,133,108,3,2024-06-09
1039,267,116,2,2024-09-09
1040,141,115,1,2025-01-09
1041,147,108,3,2024-09-19
1042,172,111,5,2024-10-04
1043,42,105,2,2024-06-30
1044,119,113,2,2024-12-31
1045,110,103,4,2024-12-04
1046,209,111,5,2024-08-11
1047,239,114,1,2024-07-20
1048,106,114,4,2025-01-31
1049,300,101,5,2024-11-24
1050,195,116,1,2024-08-16
1051,181,110,4,2025-04-15
1052,215,118,5,2024-07-02
1053,113,116,2,2024-10-03
1054,140,114,4,2025-04-14
1055,15,113,3,2024-12-23
1056,208,106,4,2024-10-10
1057,66,120,5,2024-07-04
1058,14,113,5,2025-03-13
1059,289,101,1,2024-09-06
1060,220,105,4,2024-12-29
1061,94,102,3,2024-08-16
1062,195,111,2,2025-03-30
1063,233,111,3,2024-11-03
1064,195,109,4,2025-04-14
1065,130,103,4,2024-12-24
1066,10,118,1,2025-03-15
1067,180,108,1,2025-04-03
1068,21,101,2,2025-01-17
1069,103,101,5,2025-01-14
1070,79,108,2,2025-02-07
1071,243,104,5,2025-01-25
1072,112,115,3,2024-12-23
1073,189,106,5,2024-05-31
1074,59,106,3,2025-01-12
1075,56,119,1,2025-05-16
1076,160,119,4,2025-01-31
1077,204,107,1,2025-04-08
1078,125,104,3,2025-02-14
1079,62,119,1,2024-09-01
1080,178,118,4,2024-06-01
1081,190,103,5,2024-07-30
1082,175,101,4,2024-09-04
1083,251,104,4,2025-02-17
1084,186,115,2,2025-03-13
1085,223,106,5,2024-09-17
1086,139,120,5,2025-05-13
1087,248,115,4,2024-09-29
1088,138,111,2,2024-10-04
1089,45,109,4,2024-05-23
1090,125,115,5,2024-07-30
1091,195,111,1,2025-04-23
1092,254,111,2,2024-07-15
1093,250,107,3,2024-12-26
1094,133,111,3,2025-01-31
1095,142,118,1,2024-10-23
1096,265,107,1,2024-06-17
1097,124,114,4,2024-07-15
1098,285,108,4,2025-03-04
1099,252,115,1,2025-01-21
1100,48,110,2,2024-06-01
1101,208,108,3,2024-06-25
1102,298,112,4,2025-03-06
1103,284,117,3,2024-12-13
1104,218,118,3,2024-08-12
1105,181,115,3,2024-10-14
1106,157,109,2,2024-10-31
1107,62,107,3,2024-11-13
1108,62,118,2,2024-09-30
1109,99,107,4,2024-07-21
1110,142,119,5,2024-10-11
1111,145,104,2,2024-09-19
1112,152,108,3,2025-02-25
1113,92,110,1,2024-09-23
1114,274,105,3,2025-03-18
1115,24,102,5,2025-05-21
1116,150,105,4,2024-12-27
1117,53,101,5,2025-01-07
1118,146,116,4,2024-06-22
1119,226,111,2,2025-04-29
1120,27,109,4,2024-06-10
1121,59,103,4,2024-07-20
1122,252,103,5,2024-07-21
1123,28,105,2,2025-03-09
1124,289,110,1,2025-01-15
1125,128,104,5,2024-06-09
1126,214,120,5,2025-02-06
1127,116,117,4,2024-06-21
1128,231,115,3,2024-09-03
1129,220,110,5,2024-11-09
1130,31,120,1,2025-02-02
1131,107,107,3,2024-11-01
1132,42,106,2,2024-11-25
1133,89,118,1,2025-01-11
1134,81,101,4,2024-11-08
1135,231,120,4,2024-10-28
1136,150,102,2,2024-09-04
1137,148,110,4,2024-08-12
1138,37,108,3,2025-03-10
1139,102,114,1,2024-12-05
1140,279,108,2,2024-07-04
1141,137,105,1,2024-10-02
1142,31,106,3,2024-11-03
1143,292,110,4,2024-07-03
1144,64,115,3,2024-09-08
1145,207,109,5,2025-02-08
1146,277,116,4,2025-02-08
1147,42,120,1,2025-01-06
1148,222,111,5,2024-11-25
1149,129,101,1,2024-12-11
1150,118,119,5,2025-02-04
1151,11,109,5,2024-09-17
1152,21,106,4,2024-06-07
1153,266,115,3,2024-08-14
1154,93,119,4,2024-10-21
1155,252,103,4,2025-01-08
1156,179,114,3,2024-06-11
1157,165,104,2,2024-05-23
1158,169,114,4,2024-08-08
1159,148,113,5,2024-09-15
1160,19,115,1,2024-08-11
1161,162,109,3,2025-03-15
1162,60,113,5,2024-07-13
1163,1,118,4,2025-03-13
1164,212,102,2,2024-08-28
1165,266,112,5,2024-09-10
1166,256,115,1,2024-09-25
1167,105,109,5,2024-07-06
1168,68,110,4,2024-05-24
1169,249,104,1,2024-11-30
1170,123,106,3,2025-03-07
1171,283,101,5,2024-11-04
1172,209,103,2,2024-07-28
1173,59,115,1,2024-07-10
1174,79,116,3,2024-10-15
1175,261,109,4,2024-12-13
1176,248,116,2,2025-02-18
1177,234,118,2,2024-08-18
1178,197,107,5,2024-12-01
1179,261,105,1,2024-12-23
1180,142,114,3,2025-04-09
1181,260,109,1,2025-02-04
1182,145,110,5,2025-03-30
1183,297,116,2,2024-10-05
1184,229,118,4,2024-06-17
1185,177,111,5,2024-10-22
1186,279,113,4,2025-04-20
1187,165,107,2,2025-03-05
1188,293,113,2,2024-06-06
1189,211,102,3,2024-11-06
1190,243,113,4,2024-05-28
1191,78,116,1,2024-11-15
1192,65,117,5,2025-05-13
1193,170,104,4,2024-06-20
1194,52,117,4,2025-04-20
1195,8,105,4,2024-09-19
1196,80,103,4,2024-12-30
1197,136,111,5,2024-11-03
1198,204,103,3,2024-12-29
1199,274,113,3,2024-10-25
1200,250,118,1,2025-02-20
1201,36,108,3,2025-01-24
1202,117,103,4,2024-10-30
1203,51,104,4,2024-09-10
1204,86,110,1,2024-07-04
1205,24,111,1,2024-10-25
1206,151,112,3,2024-05-29
1207,221,105,2,2024-09-24
1208,272,114,5,2024-07-26
1209,93,106,2,2025-03-28
1210,41,120,4,2025-01-16
1211,124,116,5,2024-11-15
1212,74,108,4,2025-04-09
1213,131,115,3,2025-02-12
1214,5,115,3,2025-05-13
1215,280,106,1,2024-10-08
1216,227,112,5,2024-06-24
1217,154,114,3,2024-11-06
1218,234,110,2,2025-04-13
1219,197,116,1,2024-07-01
1220,122,113,5,2024-08-23
1221,184,119,3,2024-11-06
1222,152,101,4,2025-01-04
1223,141,101,5,2024-10-23
1224,26,120,4,2024-12-10
1225,147,108,5,2024-06-20
1226,181,108,2,2024-10-21
1227,129,105,1,2025-04-24
1228,21,110,4,2024-09-18
1229,18,119,3,2025-03-06
1230,68,103,3,2024-09-29
1231,168,114,2,2024-08-15
1232,103,105,5,2024-09-27
1233,188,117,5,2025-03-19
1234,140,106,3,2024-07-25
1235,247,110,3,2024-06-19
1236,59,115,1,2024-12-05
1237,73,108,4,2025-01-21
1238,286,112,1,2024-07-04
1239,203,101,3,2024-12-13
1240,275,104,4,2024-12-05
1241,189,109,5,2024-08-04
1242,196,112,1,2025-05-07
1243,120,116,1,2025-03-18
1244,288,111,5,2024-10-03
1245,114,103,4,2024-10-04
1246,155,114,1,2025-02-27
1247,72,102,1,2025-04-04
1248,156,116,1,2025-01-26
1249,50,108,5,2025-04-02
1250,70,113,4,2024-07-17
1251,190,118,4,2024-08-20
1252,80,114,1,2024-06-29
1253,251,120,4,2024-07-16
1254,144,102,3,2024-08-28
1255,112,115,4,2024-08-05
1256,121,112,1,2024-07-27
1257,189,118,3,2025-01-09
1258,32,113,3,2024-07-19
1259,98,104,4,2025-03-12
1260,47,107,5,2025-03-11
1261,11,102,3,2025-01-30
1262,125,105,5,2024-06-19
1263,106,103,5,2024-07-28
1264,107,119,2,2025-03-17
1265,120,111,2,2025-01-19
1266,2,109,2,2024-11-28
1267,67,118,3,2024-11-17
1268,90,104,1,2025-03-09
1269,68,101,3,2024-12-25
1270,122,119,3,2025-03-12
1271,9,106,3,2025-01-01
1272,27,105,4,2024-11-11
1273,270,104,1,2025-02-09
1274,244,115,3,2025-05-14
1275,263,119,1,2025-04-28
1276,232,117,2,2024-12-26
1277,23,117,3,2025-01-25
1278,235,101,1,2025-01-22
1279,246,113,4,2025-01-18
1280,56,116,4,2024-09-23
1281,38,103,3,2025-04-21
1282,76,103,2,2025-01-19
1283,141,120,5,2024-09-20
1284,281,111,4,2024-07-18
1285,272,110,4,2024-11-07
1286,259,120,4,2024-06-16
1287,51,104,5,2024-11-19
1288,111,114,4,2024-11-08
1289,117,114,3,2025-01-21
1290,233,113,4,2024-09-15
1291,49,111,4,2025-03-26
1292,161,109,3,2024-09-04
1293,79,116,1,2025-01-05
1294,47,103,1,2024-06-11
1295,222,104,3,2024-10-04
1296,67,118,1,2024-12-04
1297,288,118,3,2024-06-18
1298,63,114,3,2024-09-18
1299,217,102,3,2024-11-16
1300,160,112,1,2024-11-12
1301,296,117,2,2024-06-04
1302,80,116,2,2024-06-12
1303,56,112,5,2024-10-11
1304,189,104,3,2025-04-08
1305,294,108,4,2024-09-09
1306,288,120,5,2024-06-19
1307,286,101,5,2025-01-26
1308,137,101,2,2025-04-21
1309,140,110,3,2025-04-18
1310,180,101,2,2024-06-25
1311,74,119,4,2025-01-14
1312,36,105,1,2025-01-06
1313,47,117,2,2024-12-03
1314,193,114,4,2024-10-17
1315,175,106,3,2024-11-16
1316,160,111,5,2025-01-01
1317,44,102,2,2024-12-22
1318,81,120,1,2025-03-24
1319,42,109,4,2025-03-03
1320,218,116,5,2025-05-03
1321,227,114,3,2024-06-05
1322,111,117,1,2024-11-11
1323,177,114,1,2025-05-09
1324,146,119,4,2025-03-31
1325,270,110,1,2024-12-29
1326,113,113,5,2025-01-29
1327,29,101,2,2024-08-02
1328,155,107,2,2024-09-22
1329,131,110,3,2025-01-10
1330,62,101,4,2024-11-21
1331,221,106,2,2024-12-01
1332,195,118,2,2024-07-18
1333,257,118,3,2024-06-14
1334,37,113,1,2024-11-11
1335,224,101,4,2024-06-30
1336,40,111,5,2025-03-31
1337,220,119,4,2025-05-05
1338,214,110,1,2025-04-11
1339,208,101,3,2024-10-01
1340,88,120,4,2025-02-22
1341,186,103,4,2024-06-22
1342,55,108,4,2024-12-02
1343,206,117,1,2025-01-26
1344,203,110,3,2024-07-27
1345,114,111,2,2024-06-05
1346,40,117,1,2024-08-25
1347,272,117,2,2025-02-19
1348,179,112,2,2024-11-07
1349,121,104,2,2024-11-07
1350,132,107,2,2024-12-10
1351,79,103,2,2024-12-10
1352,253,115,5,2025-01-12
1353,297,115,5,2024-07-21
1354,166,111,2,2024-10-09
1355,226,103,4,2024-10-12
1356,227,110,3,2025-05-12
1357,29,112,5,2024-09-07
1358,38,110,4,2024-10-18
1359,232,102,1,2024-10-26
1360,189,110,1,2025-03-17
1361,47,120,5,2024-09-29
1362,260,113,4,2025-02-08
1363,298,118,1,2025-01-08
1364,231,119,2,2024-06-10
1365,165,120,4,2025-03-23
1366,257,105,1,2025-01-21
1367,231,104,3,2025-01-27
1368,44,117,2,2024-09-27
1369,21,108,4,2024-06-15
1370,225,117,5,2024-09-26
1371,82,112,3,2024-06-26
1372,145,113,4,2024-12-23
1373,174,120,1,2025-02-08
1374,172,103,3,2024-10-18
1375,49,118,4,2024-09-08
1376,146,109,5,2024-08-26
1377,77,111,1,2025-02-26
1378,299,105,3,2025-04-16
1379,159,113,2,2025-01-30
1380,44,110,5,2025-05-07
1381,193,111,2,2025-01-10
1382,270,103,4,2025-04-25
1383,261,112,1,2024-07-18
1384,186,110,2,2024-09-27
1385,110,111,4,2024-06-21
1386,99,108,2,2025-01-02
1387,80,103,3,2025-02-02
1388,52,117,5,2024-07-14
1389,270,102,3,2025-05-12
1390,68,120,4,2024-10-03
1391,79,106,2,2024-09-18
1392,85,115,1,2025-01-30
1393,211,112,2,2025-02-16
1394,228,120,3,2025-02-02
1395,230,108,5,2024-10-20
1396,123,110,4,2024-07-10
1397,100,112,5,2025-01-07
1398,226,115,3,2025-02-20
1399,196,117,5,2025-05-20
1400,215,106,2,2024-06-22
1401,71,109,1,2024-09-18
1402,247,112,5,2024-12-24
1403,53,117,1,2024-10-14
1404,146,103,2,2025-01-25
1405,140,115,5,2025-03-24
1406,76,114,1,2024-09-25
1407,114,115,3,2025-04-01
1408,14,114,1,2024-07-09
1409,203,117,3,2025-02-05
1410,121,113,1,2025-02-17
1411,192,108,1,2025-04-07
1412,164,104,3,2025-03-03
1413,75,105,1,2025-02-11
1414,147,116,2,2025-05-10
1415,241,115,5,2024-12-11
1416,3,103,1,2024-06-26
1417,132,107,2,2025-01-26
1418,281,120,5,2025-02-05
1419,217,104,3,2024-11-01
1420,122,110,1,2024-12-04
1421,25,108,4,2024-10-08
1422,235,103,1,2024-05-28
1423,256,120,5,2024-10-08
1424,9,117,5,2024-09-17
1425,124,105,3,2024-07-30
1426,220,101,5,2024-08-12
1427,181,108,5,2024-09-30
1428,214,106,1,2025-03-14
1429,269,112,1,2024-11-25
1430,270,118,5,2024-08-03
1431,260,118,1,2024-08-16
1432,200,116,1,2024-07-13
1433,199,112,3,2024-07-20
1434,9,112,1,2024-06-19
1435,177,108,1,2024-09-12
1436,298,111,2,2025-04-13
1437,23,112,5,2025-03-23
1438,174,106,4,2024-06-29
1439,246,106,2,2024-12-04
1440,33,115,1,2025-03-16
1441,151,107,1,2024-12-16
1442,103,102,3,2025-04-10
1443,159,117,4,2025-03-03
1444,279,116,3,2025-04-29
1445,19,107,3,2024-12-11
1446,183,102,3,2024-06-04
1447,140,104,3,2025-02-02
1448,224,113,4,2024-09-28
1449,198,111,2,2025-04-26
1450,255,116,3,2025-03-14
1451,266,109,1,2025-01-16
1452,218,103,4,2024-07-10
1453,93,118,3,2025-01-07
1454,165,104,1,2024-10-14
1455,168,110,3,2024-07-19
1456,229,120,4,2024-07-23
1457,86,115,3,2024-07-30
1458,229,102,3,2025-04-08
1459,223,109,1,2025-02-14
1460,39,113,3,2025-03-16
1461,263,106,1,2025-01-18
1462,74,120,4,2025-03-31
1463,18,105,1,2025-05-06
1464,121,112,3,2024-07-24
1465,197,119,1,2025-02-25
1466,79,115,3,2024-11-06
1467,191,115,1,2024-06-06
1468,294,105,5,2024-10-27
1469,188,113,3,2024-10-09
1470,143,108,1,2025-02-07
1471,14,106,4,2025-02-24
1472,266,113,5,2024-08-21
1473,61,109,3,2024-11-09
1474,229,107,5,2025-01-13
1475,147,116,2,2024-09-08
1476,63,105,1,2025-03-09
1477,232,106,4,2025-03-07
1478,45,111,3,2025-03-21
1479,34,118,5,2024-11-11
1480,149,110,2,2024-08-19
1481,90,112,5,2024-12-14
1482,115,104,2,2024-08-21
1483,72,108,4,2024-09-18
1484,14,112,5,2025-03-31
1485,294,112,4,2025-03-21
1486,283,105,5,2024-11-19
1487,45,103,3,2025-05-07
1488,204,116,5,2025-04-10
1489,211,114,5,2024-08-04
1490,38,105,3,2024-10-10
1491,38,115,4,2025-02-08
1492,265,112,2,2024-12-28
1493,283,119,2,2024-11-08
1494,67,114,5,2024-11-16
1495,29,104,5,2025-03-15
1496,79,110,2,2024-09-07
1497,83,111,2,2025-03-19
1498,178,117,3,2024-10-16
1499,41,109,2,2024-12-02
1500,283,109,2,2024-12-11
1501,156,120,5,2024-10-30
1502,48,117,2,2024-07-22
1503,298,105,2,2025-04-03
1504,173,119,1,2024-08-06
1505,15,103,1,2025-03-28
1506,296,109,2,2025-01-10
1507,293,114,5,2024-07-13
1508,16,116,5,2025-04-25
1509,149,110,4,2024-08-26
1510,126,113,3,2024-06-10
1511,233,103,1,2025-01-25
1512,81,115,4,2024-11-23
1513,248,115,2,2025-04-25
1514,175,120,2,2024-10-12
1515,161,111,3,2024-12-22
1516,205,105,3,2025-05-18
1517,264,118,1,2024-06-29
1518,164,108,4,2025-02-21
1519,63,109,4,2025-04-14
1520,127,105,1,2024-12-07
1521,26,110,4,2025-04-16
1522,215,108,2,2024-07-08
1523,168,119,3,2024-09-08
1524,98,106,4,2024-06-22
1525,264,115,4,2025-03-13
1526,158,116,1,2024-07-22
1527,47,113,5,2024-09-03
1528,235,108,2,2024-11-11
1529,299,112,1,2025-05-07
1530,26,110,4,2024-12-06
1531,241,110,5,2024-07-17
1532,5,104,4,2025-04-08
1533,69,109,3,2024-11-06
1534,207,112,1,2024-06-25
1535,206,102,5,2025-05-09
1536,288,107,3,2024-08-15
1537,284,110,1,2025-04-03
1538,198,117,4,2024-11-12
1539,282,109,5,2025-04-29
1540,61,105,1,2024-10-03
1541,202,112,3,2025-05-17
1542,286,112,2,2024-05-31
1543,102,120,5,2024-10-29
1544,206,117,1,2024-06-10
1545,24,102,2,2024-10-21
1546,171,116,5,2024-12-01
1547,234,105,5,2024-10-13
1548,264,105,3,2024-08-20
1549,164,106,4,2024-10-17
1550,154,119,3,2024-06-21
1551,260,117,5,2024-10-13
1552,251,119,3,2024-08-16
1553,244,101,3,2024-05-31
1554,170,104,4,2024-09-21
1555,299,110,1,2025-05-17
1556,243,109,5,2024-06-28
1557,296,108,1,2025-04-11
1558,299,116,2,2025-02-22
1559,269,120,4,2025-01-28
1560,76,108,1,2024-09-28
1561,294,104,2,2025-03-24
1562,10,115,3,2024-07-16
1563,215,105,4,2024-07-13
1564,105,114,5,2024-06-04
1565,242,102,2,2024-09-09
1566,266,107,5,2025-05-12
1567,167,116,5,2025-04-08
1568,193,111,2,2024-11-20
1569,236,118,3,2025-02-15
1570,280,112,3,2025-04-08
1571,248,107,2,2024-07-13
1572,143,118,3,2025-03-11
1573,116,110,3,2025-02-19
1574,107,116,3,2024-11-19
1575,246,112,5,2024-11-11
1576,141,110,1,2025-01-14
1577,294,118,4,2024-05-23
1578,203,112,2,2025-05-07
1579,149,102,3,2024-06-20
1580,41,112,4,2024-05-28
1581,132,116,2,2024-08-28
1582,104,118,3,2024-08-12
1583,288,109,2,2025-04-10
1584,56,120,5,2024-07-18
1585,123,108,1,2024-12-20
1586,272,108,2,2025-05-21
1587,27,104,4,2025-02-27
1588,170,116,1,2025-01-12
1589,71,101,5,2024-12-11
1590,81,114,4,2024-11-01
1591,245,107,3,2024-07-03
1592,165,110,1,2025-03-18
1593,46,119,2,2024-09-09
1594,274,102,2,2024-08-21
1595,214,106,1,2024-09-14
1596,204,116,2,2024-07-07
1597,149,102,1,2024-06-08
1598,153,119,5,2024-08-21
1599,55,111,3,2024-10-31
1600,233,118,5,2025-01-24
1601,253,105,5,2025-03-25
1602,240,109,2,2025-01-17
1603,58,111,2,2024-11-14
1604,235,109,2,2024-06-14
1605,8,111,3,2024-07-03
1606,291,107,2,2025-04-10
1607,208,114,5,2025-05-07
1608,168,103,4,2024-12-01
1609,49,106,2,2025-01-07
1610,245,111,2,2024-12-15
1611,4,109,4,2024-05-27
1612,121,115,3,2025-01-21
1613,169,110,5,2024-12-07
1614,294,101,3,2024-12-30
1615,185,108,1,2024-08-22
1616,61,115,3,2025-02-24
1617,82,113,5,2024-07-15
1618,160,104,3,2024-09-11
1619,189,120,2,2024-11-03
1620,113,105,4,2024-05-21
1621,79,115,5,2025-01-14
1622,192,114,5,2024-10-05
1623,242,118,2,2024-08-22
1624,127,120,1,2024-12-28
1625,270,115,5,2024-10-29
1626,186,103,5,2024-08-01
1627,58,102,5,2025-02-03
1628,259,107,5,2025-02-04
1629,275,105,2,2024-06-23
1630,168,117,4,2024-12-10
1631,60,107,5,2024-10-08
1632,251,103,5,2024-06-16
1633,229,102,4,2024-12-11
1634,68,117,4,2024-12-18
1635,234,119,1,2024-12-04
1636,287,115,3,2025-03-22
1637,12,113,3,2024-12-04
1638,2,107,5,2024-12-22
1639,38,102,4,2024-05-28
1640,177,103,5,2024-10-19
1641,31,103,4,2025-04-25
1642,17,110,4,2024-11-19
1643,93,105,4,2024-06-06
1644,192,113,4,2025-01-22
1645,194,113,1,2024-10-18
1646,277,105,3,2024-10-12
1647,61,106,5,2024-08-27
1648,202,117,2,2025-03-07
1649,115,101,1,2024-05-27
1650,153,115,5,2024-10-06
1651,218,118,4,2025-03-23
1652,118,108,4,2024-06-16
1653,178,105,3,2024-10-01
1654,97,104,1,2024-08-22
1655,215,120,1,2025-03-01
1656,124,107,1,2025-01-31
1657,52,120,1,2025-01-19
1658,229,120,1,2024-06-30
1659,126,102,4,2025-03-16
1660,225,108,5,2025-01-01
1661,112,102,2,2025-03-02
1662,258,110,2,2025-03-10
1663,295,111,5,2024-09-27
1664,165,108,3,2024-07-11
1665,74,117,2,2024-06-07
1666,212,110,3,2024-10-04
1667,32,118,5,2024-12-19
1668,90,114,5,2024-09-29
1669,254,102,3,2025-04-01
1670,196,117,3,2025-01-25
1671,214,114,2,2024-07-27
1672,154,113,2,2025-04-08
1673,276,116,2,2025-03-19
1674,116,110,2,2025-02-10
1675,238,102,5,2024-11-17
1676,212,114,5,2025-02-15
1677,272,105,4,2024-11-22
1678,125,109,2,2025-01-21
1679,170,103,4,2024-07-30
1680,190,103,5,2025-04-01
1681,98,102,3,2024-07-12
1682,194,120,5,2024-06-14
1683,21,103,2,2025-02-23
1684,287,107,4,2025-03-18
1685,107,111,3,2024-11-14
1686,8,107,2,2024-06-04
1687,61,116,2,2024-09-11
1688,105,113,2,2024-08-07
1689,283,111,3,2024-06-07
1690,195,115,5,2025-03-24
1691,184,110,3,2024-08-06
1692,185,117,4,2025-04-30
1693,239,104,4,2024-06-06
1694,164,107,3,2024-09-20
1695,161,114,1,2025-05-18
1696,289,108,2,2024-09-18
1697,9,109,5,2024-12-07
1698,300,119,4,2024-10-22
1699,152,105,2,2025-04-02
1700,169,108,4,2024-12-17
1701,292,108,4,2024-11-20
1702,282,111,3,2024-08-27
1703,251,116,4,2024-06-04
1704,87,112,2,2025-03-09
1705,72,118,4,2025-01-27
1706,95,118,1,2024-08-03
1707,269,102,1,2024-09-09
1708,25,101,4,2024-10-06
1709,71,108,1,2025-04-20
1710,78,101,2,2025-03-20
1711,259,115,3,2024-06-08
1712,31,120,5,2025-04-22
1713,248,116,1,2025-01-30
1714,4,118,5,2024-09-26
1715,211,101,1,2024-09-04
1716,272,109,5,2024-07-08
1717,147,101,5,2025-03-27
1718,221,106,1,2024-10-10
1719,50,117,2,2024-11-06
1720,124,107,5,2025-05-01
1721,270,109,3,2024-10-23
1722,137,113,1,2025-03-05
1723,192,113,4,2024-11-07
1724,290,108,2,2025-05-03
1725,154,103,1,2024-10-18
1726,48,113,4,2024-09-29
1727,194,118,4,2024-08-01
1728,29,101,2,2024-11-29
1729,43,116,4,2025-02-13
1730,170,119,1,2024-11-30
1731,271,102,2,2024-10-10
1732,109,119,4,2025-05-14
1733,139,102,1,2025-03-26
1734,144,118,5,2024-12-08
1735,17,106,3,2024-09-01
1736,9,107,5,2025-03-28
1737,74,113,1,2024-06-22
1738,154,106,5,2025-02-27
1739,124,119,4,2024-11-01
1740,277,111,4,2024-06-20
1741,72,103,5,2024-11-04
1742,178,102,1,2025-01-09
1743,224,108,1,2025-04-05
1744,175,120,5,2024-07-30
1745,204,111,1,2024-12-18
1746,140,115,4,2024-09-12
1747,117,112,5,2024-09-22
1748,193,114,2,2024-06-29
1749,300,113,1,2024-06-21
1750,152,108,1,2024-09-25
1751,43,109,2,2025-02-01
1752,195,105,4,2024-09-12
1753,163,112,1,2024-09-17
1754,47,101,3,2024-11-10
1755,228,112,3,2025-01-10
1756,53,105,1,2025-02-23
1757,96,114,4,2024-11-02
1758,286,118,5,2024-07-24
1759,209,104,1,2025-02-12
1760,46,112,5,2024-11-09
1761,48,120,5,2024-10-04
1762,167,113,1,2024-11-10
1763,150,114,4,2024-06-06
1764,44,118,2,2025-02-27
1765,293,117,2,2025-04-23
1766,195,106,2,2025-05-10
1767,138,110,3,2024-10-04
1768,253,105,1,2025-01-14
1769,86,114,3,2024-11-05
1770,216,110,4,2024-09-04
1771,40,112,3,2025-01-24
1772,127,116,5,2025-03-24
1773,101,115,1,2024-06-12
1774,70,110,1,2024-06-19
1775,203,111,5,2025-02-05
1776,195,111,4,2025-01-23
1777,172,114,5,2024-10-25
1778,70,110,3,2024-10-09
1779,103,116,3,2024-12-06
1780,91,113,3,2025-03-28
1781,150,116,5,2025-03-08
1782,125,111,4,2025-02-08
1783,144,113,3,2024-07-22
1784,59,119,2,2024-06-02
1785,280,106,5,2024-07-15
1786,14,115,2,2025-04-15
1787,225,110,1,2025-01-11
1788,210,116,2,2025-02-08
1789,156,108,3,2025-03-20
1790,79,114,4,2024-11-07
1791,38,115,5,2024-06-03
1792,246,119,4,2024-07-09
1793,274,117,4,2024-06-16
1794,279,102,3,2024-08-20
1795,275,120,1,2025-03-19
1796,56,108,3,2025-01-26
1797,86,120,1,2024-10-10
1798,289,113,3,2024-10-08
1799,221,104,1,2024-10-16
1800,51,109,2,2024-12-27
1801,262,117,5,2024-06-02
1802,298,119,2,2025-01-10
1803,229,112,4,2024-07-19
1804,238,119,5,2025-02-08
1805,78,112,1,2024-11-11
1806,248,104,3,2024-10-12
1807,213,103,1,2024-10-12
1808,73,112,3,2024-11-09
1809,176,115,2,2025-03-13
1810,267,116,3,2024-06-19
1811,244,104,4,2024-12-29
1812,232,111,1,2024-07-13
1813,154,102,1,2024-12-12
1814,12,111,1,2024-10-10
1815,85,108,5,2024-10-22
1816,90,118,2,2024-09-20
1817,170,118,4,2025-01-28
1818,237,108,4,2024-09-06
1819,95,106,4,2024-08-25
1820,203,101,5,2024-07-04
1821,102,115,5,2024-05-31
1822,220,113,1,2025-03-02
1823,110,107,3,2024-08-01
1824,33,119,1,2024-11-30
1825,275,106,3,2024-12-08
1826,167,107,4,2024-10-18
1827,59,109,4,2025-05-10
1828,271,111,5,2024-12-25
1829,199,120,4,2024-07-05
1830,59,112,3,2024-08-30
1831,235,120,2,2025-03-17
1832,153,120,5,2024-08-30
1833,44,105,3,2025-02-18
1834,61,108,3,2024-11-10
1835,60,106,3,2024-08-12
1836,73,117,4,2025-01-13
1837,215,120,2,2024-09-08
1838,295,113,4,2025-02-14
1839,96,116,5,2025-05-11
1840,89,118,2,2024-11-27
1841,251,110,2,2024-08-06
1842,96,111,4,2024-07-07
1843,28,112,1,2024-07-12
1844,249,105,2,2025-04-17
1845,197,118,5,2024-06-18
1846,254,114,4,2024-11-12
1847,213,115,4,2024-07-27
1848,86,103,5,2025-05-05
1849,16,108,3,2025-02-22
1850,17,109,2,2024-11-09
1851,276,110,2,2024-06-24
1852,235,119,4,2025-03-31
1853,282,117,1,2025-02-09
1854,294,104,3,2025-04-14
1855,279,112,5,2024-09-22
1856,22,115,5,2025-02-04
1857,112,114,1,2024-10-02
1858,127,110,1,2025-02-20
1859,231,109,3,2024-06-15
1860,45,115,1,2024-12-20
1861,122,107,5,2024-12-17
1862,180,120,4,2024-09-10
1863,85,120,2,2025-05-02
1864,106,107,1,2024-09-14
1865,292,112,5,2025-04-16
1866,144,120,5,2024-07-21
1867,87,111,3,2025-02-21
1868,149,119,3,2025-02-20
1869,264,104,2,2025-05-16
1870,211,102,3,2025-02-16
1871,65,105,2,2025-01-23
1872,75,111,2,2024-07-27
1873,202,116,2,2025-03-25
1874,296,109,4,2024-10-08
1875,193,115,1,2024-12-04
1876,48,113,5,2024-08-16
1877,143,112,4,2024-07-07
1878,250,111,5,2024-08-07
1879,2,103,4,2025-03-24
1880,184,103,5,2024-07-13
1881,204,107,4,2024-08-20
1882,109,116,3,2025-03-23
1883,166,110,3,2024-11-28
1884,281,119,2,2024-05-31
1885,290,116,3,2024-10-08
1886,25,102,1,2024-12-22
1887,236,101,1,2024-12-29
1888,81,115,4,2024-10-11
1889,1,114,2,2024-11-18
1890,68,110,2,2025-03-29
1891,141,103,3,2024-12-21
1892,129,103,3,2024-07-10
1893,85,102,4,2025-01-13
1894,157,108,4,2025-04-29
1895,47,104,1,2024-06-23
1896,110,116,1,2024-06-15
1897,68,119,2,2024-09-18
1898,266,115,1,2024-10-22
1899,5,111,1,2025-02-23
1900,217,105,4,2025-02-24
1901,37,108,4,2024-11-22
1902,46,104,1,2024-12-11
1903,161,112,3,2024-10-27
1904,71,113,2,2025-03-15
1905,74,103,5,2024-10-27
1906,289,101,5,2025-04-05
1907,85,115,3,2024-12-30
1908,110,105,4,2024-06-18
1909,227,107,1,2024-07-08
1910,52,105,1,2024-09-21
1911,197,112,4,2025-01-25
1912,162,105,2,2024-06-18
1913,142,103,2,2024-11-11
1914,284,120,5,2024-11-17
1915,146,101,3,2025-02-09
1916,106,117,5,2024-12-07
1917,261,107,4,2024-10-01
1918,152,102,2,2024-07-09
1919,254,113,1,2025-04-26
1920,124,116,5,2025-04-07
1921,37,117,1,2025-03-20
1922,185,111,2,2024-12-21
1923,199,119,4,2025-01-24
1924,188,118,2,2025-01-04
1925,242,103,1,2024-07-30
1926,35,101,3,2025-03-15
1927,111,102,1,2024-07-10
1928,204,117,3,2024-11-05
1929,257,114,4,2024-12-02
1930,206,103,5,2025-05-09
1931,276,120,2,2025-04-23
1932,143,103,3,2024-06-11
1933,41,117,2,2025-04-08
1934,80,118,3,2024-07-08
1935,201,119,1,2024-12-08
1936,159,114,2,2024-07-19
1937,30,108,1,2024-09-16
1938,223,104,4,2024-07-23
1939,29,110,2,2024-07-22
1940,62,101,2,2024-09-23
1941,6,106,4,2025-05-19
1942,178,117,5,2025-02-20
1943,133,106,3,2024-08-16
1944,65,109,1,2024-10-02
1945,16,111,4,2025-05-21
1946,140,117,1,2024-12-08
1947,135,119,1,2025-05-03
1948,255,115,5,2024-09-08
1949,185,102,4,2025-04-14
1950,291,106,3,2024-06-20
1951,81,109,1,2024-08-26
1952,294,104,2,2024-08-05
1953,261,101,1,2025-01-22
1954,7,108,1,2024-12-20
1955,242,112,4,2024-09-04
1956,77,106,1,2024-07-08
1957,284,114,2,2025-01-18
1958,165,108,4,2024-09-15
1959,164,109,1,2025-01-14
1960,293,112,1,2024-12-14
1961,258,102,2,2024-06-26
1962,115,117,1,2024-12-02
1963,206,103,4,2025-01-24
1964,145,110,3,2024-07-25
1965,45,118,4,2025-01-05
1966,5,112,2,2025-05-21
1967,150,119,3,2025-01-01
1968,125,115,3,2024-07-19
1969,253,107,5,2024-07-26
1970,126,105,1,2025-01-31
1971,210,101,2,2025-01-18
1972,278,112,1,2025-02-24
1973,172,101,4,2025-05-06
1974,158,104,2,2025-01-11
1975,272,108,4,2024-09-29
1976,252,102,2,2025-04-13
1977,144,103,1,2025-05-14
1978,119,117,4,2024-12-25
1979,191,115,1,2024-06-05
1980,298,104,5,2025-04-06
1981,69,113,1,2025-04-21
1982,291,102,4,2024-06-01
1983,67,108,3,2024-06-21
1984,134,111,4,2024-06-07
1985,168,111,4,2025-01-25
1986,140,108,1,2025-03-16
1987,104,105,5,2024-12-30
1988,56,105,1,2024-08-31
1989,85,115,4,2025-01-28
1990,161,114,1,2024-08-10
1991,275,112,2,2025-03-14
1992,232,110,4,2024-12-29
1993,136,104,1,2024-10-29
1994,81,110,5,2025-01-16
1995,21,107,3,2025-01-24
1996,76,103,2,2024-06-01
1997,183,113,5,2024-11-30
1998,26,110,3,2025-05-01
1999,90,101,4,2025-01-19
2000,232,118,5,2024-12-18
2001,128,104,4,2024-09-10
2002,53,105,1,2025-01-25
2003,7,102,2,2024-09-15
2004,67,107,4,2024-11-24
2005,191,103,5,2024-08-24
2006,133,103,1,2025-03-29
2007,34,107,4,2025-03-30
2008,66,103,3,2025-02-11
2009,63,102,4,2024-10-25
2010,26,106,5,2024-09-13
2011,222,113,4,2024-11-13
2012,16,113,4,2024-06-18
2013,89,112,2,2025-02-12
2014,96,109,3,2024-06-13
2015,229,105,1,2024-07-21
2016,126,110,4,2024-11-07
2017,211,118,4,2024-10-29
2018,32,103,3,2024-11-25
2019,197,105,4,2024-11-17
2020,103,117,2,2024-08-08
2021,279,101,4,2024-09-30
2022,184,116,5,2025-01-11
2023,249,112,5,2024-07-15
2024,258,111,4,2024-09-19
2025,139,106,1,2025-04-20
2026,164,120,2,2025-02-23
2027,16,109,1,2024-09-22
2028,242,117,3,2025-03-02
2029,300,108,2,2025-04-20
2030,52,108,2,2024-10-02
2031,137,118,1,2024-10-22
2032,113,119,4,2024-07-10
2033,182,106,2,2025-03-12
2034,122,119,3,2024-10-11
2035,184,119,1,2024-12-06
2036,181,119,5,2024-12-25
2037,73,119,2,2024-07-01
2038,253,118,3,2024-09-21
2039,90,116,1,2024-08-22
2040,47,102,2,2024-11-18
2041,113,101,5,2024-07-07
2042,245,101,3,2024-09-01
2043,104,105,3,2024-11-11
2044,91,111,1,2024-08-25
2045,12,105,5,2024-07-14
2046,73,104,5,2024-06-27
2047,187,103,3,2024-06-09
2048,203,119,1,2024-09-10
2049,173,110,3,2024-10-17
2050,70,106,4,2025-04-21
2051,250,111,2,2025-01-14
2052,288,120,3,2024-10-30
2053,115,119,2,2024-08-25
2054,194,110,3,2025-04-22
2055,66,106,1,2025-05-06
2056,294,113,5,2024-07-22
2057,17,106,5,2025-04-01
2058,163,120,2,2024-09-25
2059,290,104,4,2025-05-18
2060,73,111,1,2024-12-31
2061,122,112,3,2025-02-25
2062,86,103,3,2024-09-19
2063,229,101,3,2024-08-02
2064,108,108,1,2025-03-13
2065,180,109,1,2024-07-21
2066,1,102,4,2024-11-30
2067,225,114,2,2024-12-06
2068,212,116,4,2024-11-18
2069,180,118,4,2024-11-30
2070,52,116,5,2025-04-27
2071,116,106,4,2024-09-17
2072,38,102,3,2024-11-30
2073,11,111,3,2024-05-30
2074,54,103,3,2024-06-24
2075,88,113,2,2024-10-20
2076,39,118,1,2024-12-03
2077,174,120,5,2024-11-14
2078,248,101,4,2024-08-22
2079,85,120,4,2024-08-12
2080,81,102,1,2025-01-02
2081,170,107,2,2024-10-05
2082,210,118,5,2024-06-08
2083,136,110,3,2024-06-09
2084,122,104,1,2024-09-07
2085,202,119,5,2024-11-29
2086,252,105,1,2025-01-08
2087,185,101,4,2025-04-28
2088,45,110,5,2025-04-13
2089,246,107,1,2025-01-30
2090,14,107,2,2025-02-06
2091,150,103,4,2024-11-19
2092,60,110,4,2024-09-08
2093,242,116,3,2024-12-15
2094,47,118,4,2024-05-24
2095,95,112,4,2025-04-15
2096,190,106,4,2024-07-01
2097,23,109,4,2024-11-04
2098,239,109,2,2024-07-12
2099,138,119,1,2025-04-28
2100,78,104,1,2024-08-31
2101,177,118,4,2025-02-27
2102,117,118,1,2024-10-10
2103,199,117,4,2025-03-13
2104,275,116,5,2024-10-24
2105,121,116,3,2024-10-10
2106,41,113,1,2024-06-07
2107,258,119,5,2024-10-23
2108,293,120,2,2024-06-09
2109,62,115,2,2024-12-28
2110,86,107,2,2024-12-25
2111,65,102,4,2024-08-04
2112,41,114,2,2024-10-08
2113,76,120,3,2024-12-21
2114,164,103,1,2024-09-10
2115,199,118,4,2024-06-18
2116,283,111,3,2024-10-18
2117,267,115,1,2024-12-02
2118,268,114,1,2024-11-11
2119,213,105,2,2025-03-13
2120,291,119,5,2024-12-20
2121,52,104,5,2024-09-06
2122,52,110,5,2025-04-06
2123,177,114,3,2025-01-18
2124,197,116,5,2025-02-09
2125,243,102,2,2025-01-13
2126,142,113,2,2024-07-06
2127,206,102,4,2024-07-09
2128,170,108,1,2024-06-27
2129,244,109,3,2024-10-20
2130,11,111,3,2024-10-12
2131,160,109,4,2025-03-25
2132,51,108,2,2024-09-29
2133,154,115,3,2024-12-23
2134,138,114,5,2025-05-20
2135,46,107,4,2024-10-09
2136,109,114,4,2025-03-10
2137,265,112,1,2024-07-16
2138,264,106,1,2024-08-06
2139,160,117,4,2025-01-09
2140,70,117,5,2024-12-04
2141,15,106,2,2024-10-23
2142,103,102,2,2024-12-01
2143,17,115,1,2024-06-05
2144,185,107,3,2024-06-07
2145,189,115,5,2024-06-05
2146,204,104,1,2024-07-13
2147,124,112,4,2025-02-22
2148,229,106,4,2024-09-27
2149,283,112,3,2025-03-29
2150,84,109,1,2024-11-20
2151,146,101,4,2024-12-08
2152,26,106,5,2024-11-14
2153,110,108,2,2024-07-17
2154,106,109,4,2025-01-11
2155,263,101,1,2025-05-02
2156,243,105,2,2024-12-07
2157,5,108,3,2024-07-14
2158,157,109,4,2024-09-25
2159,193,112,4,2025-05-17
2160,130,107,4,2025-01-14
2161,155,117,5,2024-09-21
2162,204,119,1,2024-07-23
2163,4,117,3,2024-10-20
2164,288,120,5,2025-01-15
2165,145,110,1,2025-03-04
2166,247,103,3,2025-04-13
2167,142,111,3,2024-09-14
2168,134,110,2,2025-01-06
2169,77,117,2,2024-09-28
2170,30,120,4,2024-12-04
2171,164,105,1,2025-04-07
2172,255,110,3,2024-12-04
2173,215,113,4,2024-12-13
2174,19,119,5,2024-11-27
2175,98,111,2,2025-02-20
2176,274,116,3,2024-12-25
2177,260,110,2,2024-09-14
2178,286,106,3,2024-11-21
2179,50,116,2,2025-04-02
2180,133,118,2,2024-05-27
2181,172,103,2,2024-10-11
2182,182,108,3,2024-09-26
2183,216,111,3,2025-02-06
2184,134,119,3,2024-07-02
2185,238,104,4,2024-10-29
2186,28,119,5,2025-01-02
2187,37,116,2,2024-09-17
2188,257,104,4,2025-03-26
2189,272,110,4,2025-05-05
2190,28,105,2,2025-02-26
2191,103,111,4,2025-04-24
2192,292,115,2,2025-02-12
2193,162,106,1,2025-01-20
2194,250,111,2,2024-05-31
2195,161,102,1,2025-01-07
2196,232,109,2,2024-11-21
2197,87,119,2,2024-09-01
2198,251,103,2,2025-01-30
2199,223,114,4,2025-03-21
2200,220,116,4,2025-03-18
2201,3,102,5,2024-12-31
2202,103,112,1,2024-12-31
2203,165,117,2,2024-08-17
2204,10,101,2,2025-02-25
2205,116,112,3,2024-06-09
2206,67,104,4,2025-01-02
2207,258,119,3,2024-11-23
2208,86,103,1,2024-07-26
2209,153,110,4,2024-12-10
2210,267,120,5,2025-01-20
2211,173,114,2,2025-02-25
2212,176,116,3,2025-01-16
2213,97,106,4,2025-03-17
2214,10,108,2,2025-04-12
2215,68,107,1,2024-10-15
2216,259,106,1,2024-07-17
2217,188,102,4,2025-04-05
2218,131,118,5,2025-02-09
2219,25,120,1,2024-08-23
2220,56,101,1,2024-06-02
2221,60,114,4,2024-12-29
2222,195,104,5,2025-02-17
2223,130,116,2,2024-07-02
2224,106,101,3,2024-08-03
2225,216,104,5,2024-05-28
2226,139,120,5,2024-11-08
2227,71,114,1,2024-09-19
2228,262,120,1,2024-10-30
2229,145,104,1,2024-07-18
2230,255,107,5,2024-10-28
2231,103,109,5,2025-02-13
2232,104,112,4,2024-08-08
2233,152,106,1,2024-10-27
2234,281,116,2,2024-12-01
2235,247,111,2,2025-03-17
2236,2,101,1,2025-01-13
2237,57,119,4,2025-05-13
2238,77,103,5,2024-11-20
2239,39,104,3,2025-04-24
2240,119,115,3,2025-04-15
2241,136,115,1,2025-03-02
2242,52,106,1,2025-02-27
2243,149,112,3,2024-06-14
2244,219,104,1,2025-02-19
2245,24,101,2,2024-07-13
2246,88,111,3,2024-12-08
2247,225,120,3,2024-08-09
2248,48,112,3,2024-12-24
2249,94,104,4,2024-09-24
2250,205,115,3,2025-02-02
2251,198,116,4,2024-11-22
2252,86,104,2,2024-12-11
2253,31,106,1,2024-10-14
2254,214,119,4,2024-09-19
2255,292,115,2,2024-07-27
2256,195,112,5,2024-11-15
2257,15,105,4,2025-05-10
2258,250,104,4,2024-12-14
2259,226,102,1,2024-09-30
2260,134,111,1,2024-12-19
2261,269,119,5,2024-10-05
2262,115,111,5,2025-02-07
2263,268,120,1,2025-03-16
2264,222,108,4,2025-04-22
2265,178,113,2,2025-02-24
2266,286,120,1,2025-02-09
2267,6,106,5,2025-01-25
2268,241,116,2,2025-03-29
2269,39,116,3,2025-02-14
2270,124,111,3,2024-08-31
2271,26,117,2,2025-01-12
2272,282,113,4,2024-11-25
2273,121,103,4,2024-08-03
2274,228,119,4,2024-08-24
2275,46,116,4,2024-09-06
2276,162,104,4,2024-12-23
2277,10,104,4,2024-09-13
2278,212,102,5,2024-08-16
2279,282,101,1,2025-05-21
2280,156,117,5,2024-09-13
2281,106,115,3,2025-03-16
2282,187,102,2,2024-09-10
2283,233,111,5,2025-02-18
2284,243,112,4,2024-08-09
2285,59,104,2,2025-02-13
2286,2,111,3,2025-02-18
2287,150,118,5,2024-11-26
2288,192,104,1,2024-09-21
2289,85,116,2,2024-11-23
2290,210,104,3,2024-10-03
2291,101,107,1,2024-12-24
2292,202,107,4,2025-05-18
2293,98,111,1,2025-05-18
2294,213,102,5,2025-03-25
2295,64,115,4,2025-02-25
2296,259,105,4,2024-09-04
2297,3,117,1,2024-09-09
2298,284,114,5,2024-07-07
2299,248,117,2,2024-12-29
2300,297,106,2,2025-02-07
2301,54,113,5,2024-12-17
2302,165,117,4,2024-10-15
2303,215,120,2,2025-05-03
2304,141,113,3,2024-10-21
2305,151,115,2,2025-04-03
2306,71,114,5,2024-10-02
2307,263,110,5,2025-03-17
2308,161,118,2,2025-03-29
2309,103,107,5,2024-07-16
2310,149,112,2,2024-09-10
2311,92,117,5,2024-06-06
2312,166,104,3,2024-09-09
2313,288,116,5,2025-02-22
2314,293,114,5,2024-06-20
2315,147,114,1,2024-10-02
2316,268,104,1,2025-05-14
2317,196,105,1,2024-11-08
2318,29,107,3,2025-01-30
2319,83,110,3,2024-08-28
2320,75,102,3,2025-03-07
2321,105,118,1,2024-11-23
2322,184,115,1,2024-08-12
2323,288,108,5,2024-08-07
2324,200,108,5,2025-04-07
2325,148,102,4,2024-12-16
2326,199,114,3,2024-09-03
2327,283,102,1,2025-05-18
2328,129,107,5,2024-12-25
2329,227,108,3,2025-02-15
2330,280,120,2,2024-09-03
2331,100,110,4,2024-07-13
2332,91,103,2,2024-07-02
2333,89,117,1,2025-01-15
2334,194,102,4,2025-03-04
2335,143,118,3,2025-01-03
2336,67,106,5,2024-08-21
2337,131,101,3,2024-08-23
2338,239,105,1,2024-06-09
2339,79,111,5,2025-02-05
2340,27,120,3,2025-05-07
2341,252,119,5,2024-12-13
2342,184,103,3,2024-08-16
2343,270,108,2,2025-01-23
2344,267,103,5,2024-08-19
2345,82,114,5,2024-06-10
2346,275,113,1,2024-06-28
2347,179,108,2,2024-10-28
2348,170,111,3,2024-09-26
2349,151,107,5,2025-02-23
2350,272,116,5,2024-11-20
2351,5,104,3,2024-06-29
2352,229,108,5,2025-02-09
2353,125,102,3,2025-03-16
2354,196,104,4,2024-07-13
2355,132,118,3,2024-05-23
2356,13,117,3,2024-12-20
2357,264,117,4,2025-05-16
2358,250,102,3,2024-07-21
2359,99,111,5,2024-10-26
2360,43,104,2,2025-01-29
2361,276,118,1,2025-05-19
2362,34,107,2,2025-04-28
2363,218,104,2,2025-04-27
2364,276,114,1,2024-11-21
2365,79,101,4,2024-11-22
2366,170,102,1,2025-01-28
2367,38,102,2,2024-08-06
2368,129,118,1,2025-03-10
2369,295,108,3,2024-09-09
2370,209,113,4,2024-09-22
2371,208,114,3,2024-09-08
2372,9,113,1,2025-01-26
2373,274,101,5,2024-06-12
2374,33,119,1,2025-05-08
2375,38,112,5,2025-03-15
2376,55,110,3,2024-06-24
2377,45,110,4,2025-01-29
2378,196,113,1,2024-12-29
2379,243,106,5,2024-08-19
2380,113,105,4,2024-12-14
2381,280,110,2,2025-03-03
2382,153,112,1,2025-02-25
2383,284,118,2,2025-04-16
2384,64,102,1,2025-05-19
2385,294,120,4,2024-06-04
2386,276,118,1,2025-05-10
2387,157,107,3,2025-05-13
2388,109,114,5,2024-07-27
2389,73,106,2,2024-10-30
2390,114,120,3,2025-04-28
2391,100,104,2,2025-04-11
2392,291,102,5,2024-07-28
2393,237,118,1,2025-05-18
2394,149,103,3,2025-05-13
2395,51,107,5,2024-06-04
2396,250,111,3,2025-04-10
2397,66,108,1,2024-10-22
2398,146,120,1,2025-03-23
2399,100,111,4,2024-11-29
2400,231,111,5,2024-08-01
2401,157,119,2,2025-05-19
2402,290,119,3,2025-03-07
2403,162,114,2,2025-04-24
2404,3,111,2,2025-05-15
2405,114,114,3,2024-09-10
2406,185,105,3,2025-04-26
2407,246,115,4,2024-06-04
2408,184,110,4,2024-05-24
2409,283,104,2,2024-09-13
2410,42,109,2,2024-12-27
2411,276,107,3,2025-01-10
2412,40,103,1,2024-07-01
2413,260,101,5,2025-05-16
2414,297,113,5,2024-09-28
2415,109,102,5,2024-09-08
2416,134,118,5,2024-11-13
2417,242,105,3,2025-01-25
2418,201,108,5,2024-12-17
2419,149,105,4,2024-12-10
2420,257,117,1,2024-11-28
2421,204,112,5,2025-05-01
2422,6,108,5,2025-05-20
2423,85,117,2,2024-07-12
2424,229,106,2,2025-04-16
2425,290,119,2,2024-12-02
2426,248,112,1,2024-11-18
2427,113,116,2,2024-09-03
2428,33,109,3,2024-08-03
2429,120,102,2,2025-03-31
2430,266,112,4,2024-07-03
2431,241,115,1,2024-09-26
2432,21,111,1,2024-07-23
2433,267,109,3,2025-02-28
2434,297,118,5,2024-11-15
2435,90,113,4,2025-01-27
2436,188,119,1,2024-08-28
2437,265,109,4,2025-02-24
2438,115,117,4,2024-08-01
2439,181,112,4,2024-05-26
2440,247,120,1,2025-03-03
2441,257,105,4,2024-09-28
2442,85,108,1,2025-03-24
2443,264,109,2,2024-09-12
2444,77,106,2,2024-12-27
2445,186,120,1,2025-02-06
2446,118,114,3,2025-03-11
2447,59,116,4,2024-08-04
2448,246,107,5,2024-07-28
2449,83,114,1,2025-01-13
2450,125,102,2,2025-04-18
2451,294,119,2,2025-01-24
2452,69,117,1,2025-05-04
2453,294,105,1,2024-10-25
2454,86,109,2,2025-04-07
2455,265,113,5,2024-11-03
2456,289,101,3,2024-12-07
2457,44,107,4,2024-09-25
2458,242,116,2,2024-06-23
2459,113,114,5,2024-10-23
2460,74,119,2,2025-02-04
2461,262,109,2,2024-06-27
2462,176,115,5,2024-07-31
2463,36,108,4,2024-07-14
2464,198,105,1,2024-11-22
2465,9,107,5,2024-09-23
2466,259,114,2,2025-05-19
2467,50,106,4,2024-08-25
2468,20,118,5,2024-05-23
2469,61,103,4,2024-08-30
2470,67,120,5,2024-10-16
2471,1,114,5,2024-08-20
2472,216,112,1,2024-11-10
2473,272,114,2,2025-03-09
2474,247,113,3,2024-09-01
2475,295,104,4,2024-09-26
2476,69,109,4,2024-09-15
2477,120,103,3,2025-01-02
2478,279,114,3,2025-02-25
2479,97,101,1,2024-12-29
2480,296,117,1,2024-05-25
2481,267,101,4,2024-08-30
2482,106,111,4,2025-01-29
2483,186,104,2,2024-10-07
2484,219,119,3,2025-02-14
2485,134,118,4,2024-08-20
2486,290,112,5,2024-06-14
2487,142,113,2,2025-02-04
2488,212,118,5,2024-07-05
2489,248,106,3,2024-11-17
2490,287,118,4,2024-09-17
2491,130,110,5,2024-07-22
2492,177,113,2,2024-10-25
2493,61,108,4,2025-02-11
2494,83,104,2,2024-12-02
2495,261,113,3,2025-05-14
2496,282,120,1,2025-05-03
2497,83,113,1,2025-04-30
2498,47,105,4,2025-02-18
2499,223,103,1,2025-03-15
2500,135,108,3,2024-09-18
2501,41,120,1,2025-02-13
2502,197,113,5,2024-07-05
2503,267,110,5,2025-01-24
2504,30,106,4,2025-05-11
2505,225,101,2,2025-05-21
2506,266,110,2,2024-09-12
2507,18,120,5,2024-10-10
2508,265,108,5,2025-01-14
2509,87,102,3,2024-08-14
2510,123,101,2,2024-08-14
2511,45,109,4,2024-07-11
2512,181,113,4,2024-11-22
2513,103,117,1,2024-07-19
2514,36,103,5,2024-11-13
2515,146,118,5,2025-03-07
2516,179,112,3,2025-01-11
2517,116,120,2,2024-10-13
2518,233,113,5,2024-10-29
2519,3,109,2,2025-02-17
2520,209,117,1,2024-12-20
2521,287,103,5,2025-05-10
2522,151,111,1,2024-11-19
2523,263,109,5,2025-03-11
2524,295,109,4,2024-12-15
2525,194,119,4,2025-03-28
2526,125,111,4,2025-02-02
2527,236,119,1,2025-04-06
2528,247,104,3,2024-08-13
2529,35,113,2,2025-03-12
2530,118,111,4,2024-08-25
2531,181,117,5,2025-02-09
2532,5,109,2,2025-03-10
2533,148,103,4,2025-01-07
2534,176,103,5,2025-04-25
2535,92,116,3,2025-03-22
2536,182,107,5,2024-06-21
2537,138,106,2,2024-12-11
2538,256,107,2,2024-11-10
2539,124,109,2,2024-12-12
2540,118,107,2,2025-02-18
2541,183,105,1,2024-10-08
2542,62,103,4,2024-06-20
2543,4,118,1,2025-05-12
2544,247,112,5,2024-12-26
2545,162,116,5,2024-07-03
2546,141,116,2,2024-06-13
2547,262,109,4,2025-04-07
2548,114,119,2,2024-12-19
2549,28,117,4,2025-05-06
2550,245,118,1,2024-12-03
2551,258,112,4,2024-08-07
2552,90,115,1,2024-12-29
2553,266,115,3,2024-12-15
2554,5,101,2,2024-07-18
2555,195,119,1,2024-07-23
2556,167,112,5,2024-09-25
2557,133,106,5,2025-04-17
2558,135,108,3,2024-12-09
2559,242,120,3,2024-11-08
2560,188,106,4,2024-07-05
2561,218,107,4,2025-02-09
2562,191,112,4,2024-08-08
2563,144,115,2,2025-02-23
2564,293,105,5,2025-01-02
2565,118,104,3,2024-11-26
2566,121,118,4,2024-06-25
2567,196,107,2,2025-05-05
2568,77,116,1,2024-12-05
2569,91,114,4,2024-11-10
2570,69,117,5,2025-03-31
2571,162,116,3,2024-06-11
2572,129,118,5,2024-11-13
2573,25,113,1,2024-07-11
2574,84,102,2,2024-12-06
2575,131,116,1,2024-10-29
2576,231,111,3,2024-11-14
2577,185,112,5,2024-12-26
2578,286,109,3,2024-06-12
2579,11,114,1,2024-12-24
2580,180,120,2,2024-11-16
2581,296,119,5,2025-02-06
2582,90,110,3,2025-03-30
2583,167,117,4,2024-09-17
2584,229,103,4,2025-02-25
2585,147,115,2,2024-05-29
2586,86,111,4,2024-10-21
2587,293,113,1,2024-08-27
2588,41,106,3,2025-04-03
2589,117,111,3,2024-05-22
2590,150,109,5,2025-03-06
2591,203,109,4,2024-08-13
2592,186,119,5,2024-12-31
2593,231,114,2,2024-06-18
2594,95,101,2,2024-06-07
2595,121,109,1,2024-11-01
2596,108,106,4,2024-10-01
2597,53,104,1,2025-02-17
2598,243,118,1,2024-06-14
2599,14,113,5,2024-12-17
2600,43,104,3,2024-06-13
2601,80,103,4,2025-05-18
2602,159,108,2,2025-05-03
2603,146,115,2,2024-06-16
2604,68,117,2,2025-05-18
2605,15,102,3,2024-11-20
2606,167,116,4,2024-06-02
2607,277,109,5,2024-09-09
2608,228,105,5,2024-10-26
2609,91,119,5,2024-07-29
2610,234,119,4,2025-03-15
2611,269,118,3,2024-07-12
2612,178,116,5,2025-03-14
2613,117,103,4,2025-01-25
2614,158,112,4,2025-02-28
2615,134,105,3,2025-01-26
2616,6,101,5,2024-10-31
2617,70,112,3,2024-10-13
2618,241,118,1,2025-05-02
2619,252,116,3,2024-10-16
2620,5,114,3,2024-11-11
2621,119,101,5,2025-04-23
2622,192,107,4,2025-05-12
2623,288,114,4,2025-05-08
2624,128,106,4,2024-10-14
2625,194,108,3,2024-10-13
2626,41,114,2,2024-06-21
2627,265,120,3,2025-02-10
2628,146,118,3,2025-02-02
2629,212,107,1,2025-04-25
2630,94,105,3,2024-12-16
2631,57,115,5,2024-07-11
2632,232,109,5,2025-01-29
2633,252,107,3,2025-04-20
2634,10,105,1,2024-10-03
2635,274,101,2,2024-07-06
2636,53,110,3,2024-07-29
2637,65,115,1,2024-12-15
2638,120,103,2,2024-10-20
2639,8,116,2,2024-12-12
2640,176,114,3,2024-07-09
2641,256,112,4,2025-02-27
2642,17,111,1,2024-08-15
2643,75,102,3,2025-04-10
2644,201,103,5,2024-05-22
2645,241,106,2,2025-03-10
2646,129,113,1,2024-05-29
2647,63,108,4,2024-09-13
2648,227,108,1,2024-11-16
2649,102,115,1,2025-02-06
2650,267,107,4,2025-02-24
2651,200,110,3,2024-12-18
2652,82,102,5,2024-11-01
2653,267,104,3,2024-12-13
2654,247,110,2,2024-10-15
2655,185,102,2,2025-04-05
2656,58,108,4,2024-08-18
2657,167,101,2,2024-08-25
2658,142,119,1,2024-11-15
2659,203,108,1,2024-10-02
2660,22,119,4,2024-07-20
2661,80,112,1,2024-09-05
2662,128,106,4,2024-08-02
2663,47,120,3,2025-05-20
2664,31,102,3,2025-04-25
2665,79,118,1,2025-02-26
2666,65,116,2,2025-03-14
2667,163,118,3,2024-07-03
2668,225,107,1,2024-06-02
2669,194,112,2,2025-03-31
2670,129,102,4,2025-02-01
2671,225,118,3,2024-10-30
2672,278,116,2,2025-01-14
2673,291,106,5,2025-03-14
2674,179,111,4,2025-05-19
2675,141,120,5,2025-04-29
2676,83,103,5,2025-05-01
2677,80,115,3,2024-05-27
2678,135,118,3,2024-08-22
2679,233,101,5,2024-08-09
2680,195,106,1,2024-06-16
2681,187,120,2,2024-06-29
2682,165,103,5,2025-01-06
2683,199,107,5,2024-06-03
2684,255,118,2,2024-11-10
2685,145,111,4,2025-01-08
2686,165,104,1,2025-02-05
2687,268,103,1,2025-02-18
2688,67,106,1,2025-04-24
2689,104,104,4,2024-06-08
2690,99,104,1,2024-08-24
2691,293,113,4,2025-03-04
2692,270,120,5,2024-06-07
2693,132,102,3,2024-10-24
2694,114,120,1,2024-11-07
2695,7,107,4,2024-08-20
2696,41,115,1,2024-12-16
2697,185,118,4,2024-08-13
2698,189,102,5,2025-03-09
2699,137,117,1,2025-04-21
2700,37,110,1,2025-03-18
2701,111,117,1,2024-06-11
2702,52,108,5,2024-07-14
2703,198,107,2,2024-12-02
2704,270,108,5,2024-09-10
2705,92,118,5,2024-08-19
2706,213,104,5,2025-04-02
2707,184,115,4,2025-05-11
2708,54,106,2,2025-03-01
2709,282,113,5,2024-12-30
2710,173,106,5,2024-09-21
2711,227,112,3,2024-12-31
2712,282,111,3,2025-01-08
2713,212,114,3,2025-03-17
2714,124,119,5,2025-02-06
2715,110,113,5,2025-04-03
2716,131,112,4,2024-09-22
2717,230,113,1,2024-08-21
2718,18,110,5,2024-09-15
2719,9,117,2,2025-04-26
2720,155,101,3,2024-07-15
2721,114,107,3,2025-02-01
2722,12,109,5,2024-12-09
2723,262,118,5,2024-08-14
2724,293,105,1,2024-10-28
2725,20,115,3,2024-09-14
2726,80,105,3,2024-09-04
2727,188,119,2,2024-06-13
2728,120,109,3,2024-12-23
2729,48,119,4,2025-01-05
2730,292,107,1,2025-04-27
2731,167,116,2,2025-03-02
2732,250,119,1,2025-05-10
2733,154,102,5,2024-07-28
2734,196,103,1,2025-01-19
2735,172,112,4,2025-02-08
2736,214,104,2,2024-11-02
2737,6,113,1,2024-12-22
2738,157,117,1,2024-11-29
2739,164,118,5,2024-06-08
2740,77,111,5,2024-10-01
2741,114,105,1,2025-05-21
2742,202,115,5,2025-01-25
2743,295,117,1,2025-02-05
2744,114,114,3,2024-10-16
2745,202,105,2,2025-03-22
2746,173,103,4,2024-12-10
2747,293,102,5,2024-09-21
2748,205,109,1,2025-02-15
2749,205,117,4,2024-10-29
2750,67,105,4,2024-10-26
2751,287,107,4,2024-07-17
2752,203,119,2,2024-09-14
2753,288,120,5,2024-10-14
2754,127,108,1,2024-07-31
2755,137,114,3,2025-03-09
2756,295,103,1,2024-12-15
2757,212,114,3,2024-11-20
2758,179,107,3,2024-08-22
2759,177,120,1,2025-04-15
2760,157,106,3,2024-08-16
2761,227,120,2,2024-09-14
2762,226,102,2,2025-04-19
2763,103,112,2,2025-02-19
2764,44,104,1,2024-07-16
2765,125,120,2,2025-03-29
2766,148,101,3,2024-11-16
2767,57,110,4,2025-05-11
2768,242,101,3,2024-06-12
2769,108,118,2,2024-12-25
2770,105,118,5,2024-10-28
2771,133,118,4,2024-10-29
2772,73,101,4,2024-12-23
2773,299,117,1,2024-12-12
2774,131,106,1,2024-07-12
2775,146,107,5,2024-10-18
2776,139,102,4,2024-08-23
2777,5,103,4,2024-08-28
2778,139,112,1,2024-08-07
2779,10,110,4,2024-09-26
2780,119,113,5,2025-01-27
2781,51,111,4,2024-06-20
2782,273,103,2,2025-05-14
2783,102,117,4,2024-11-11
2784,288,101,1,2025-04-14
2785,127,117,3,2024-10-12
2786,171,116,4,2024-06-25
2787,81,101,3,2024-12-15
2788,181,112,3,2025-02-26
2789,121,117,3,2025-04-08
2790,32,109,4,2024-08-02
2791,16,118,3,2024-06-10
2792,116,105,3,2024-09-02
2793,202,105,1,2024-10-14
2794,196,117,5,2025-02-06
2795,117,114,2,2025-01-10
2796,294,105,4,2025-01-10
2797,160,120,3,2024-06-05
2798,230,118,2,2025-04-25
2799,106,105,5,2024-06-18
2800,278,107,2,2024-08-02
2801,159,117,2,2025-03-29
2802,221,105,5,2025-03-12
2803,81,111,1,2025-01-04
2804,286,118,1,2025-02-26
2805,95,111,2,2025-02-05
2806,16,111,4,2024-12-24
2807,211,110,4,2024-08-13
2808,141,105,2,2024-11-23
2809,55,105,2,2024-08-10
2810,14,120,5,2025-04-23
2811,137,120,5,2025-05-08
2812,119,120,2,2024-09-27
2813,119,101,3,2024-09-15
2814,41,116,2,2025-05-09
2815,258,120,4,2024-05-26
2816,192,106,4,2024-08-11
2817,252,116,2,2025-05-19
2818,84,107,2,2024-08-02
2819,17,114,1,2025-03-04
2820,139,114,2,2024-07-05
2821,104,107,1,2025-03-07
2822,91,115,5,2025-03-09
2823,251,111,4,2024-11-22
2824,127,114,4,2025-05-11
2825,22,120,4,2024-08-23
2826,161,113,5,2025-02-15
2827,293,120,5,2025-01-10
2828,269,102,5,2025-02-18
2829,56,115,4,2024-08-08
2830,22,108,5,2024-10-22
2831,276,113,1,2025-05-11
2832,286,113,5,2024-08-21
2833,26,107,3,2024-12-21
2834,226,113,3,2024-09-22
2835,147,115,2,2025-03-18
2836,217,110,5,2024-09-07
2837,28,117,2,2024-10-15
2838,238,115,1,2024-11-18
2839,257,104,2,2024-12-14
2840,300,118,2,2025-01-27
2841,202,114,3,2024-10-07
2842,231,101,2,2024-09-17
2843,233,119,2,2024-08-30
2844,233,103,3,2024-10-07
2845,166,106,1,2024-12-06
2846,47,104,4,2025-04-28
2847,186,103,5,2024-11-30
2848,197,117,5,2024-11-17
2849,82,113,5,2024-06-28
2850,195,102,2,2025-03-28
2851,172,119,2,2025-02-25
2852,84,105,2,2024-11-19
2853,27,114,3,2025-03-12
2854,159,115,3,2025-04-12
2855,93,104,2,2024-09-22
2856,104,101,5,2025-05-11
2857,130,101,4,2024-08-07
2858,255,116,5,2024-10-11
2859,3,120,4,2024-09-19
2860,122,107,5,2024-10-28
2861,244,115,4,2024-06-07
2862,227,103,5,2024-12-25
2863,4,108,5,2025-04-21
2864,143,120,5,2024-08-14
2865,107,102,2,2025-03-04
2866,76,102,3,2024-07-16
2867,19,105,1,2024-05-27
2868,296,120,3,2024-08-30
2869,170,103,1,2024-12-21
2870,56,114,2,2025-05-19
2871,83,110,5,2025-01-02
2872,294,118,2,2024-12-31
2873,234,119,3,2025-02-24
2874,19,103,3,2024-10-30
2875,166,112,4,2024-09-12
2876,35,114,5,2024-07-19
2877,34,110,4,2024-08-05
2878,69,104,3,2024-09-26
2879,169,117,4,2024-08-18
2880,269,107,2,2024-10-15
2881,30,104,5,2024-12-28
2882,271,103,4,2025-04-09
2883,148,114,5,2024-08-24
2884,163,109,5,2024-11-30
2885,295,120,3,2024-12-20
2886,67,120,5,2025-01-30
2887,255,117,4,2025-02-10
2888,253,106,5,2024-09-29
2889,120,110,2,2024-08-28
2890,1,104,1,2025-03-13
2891,239,104,2,2025-04-05
2892,213,114,1,2024-11-26
2893,171,112,5,2025-02-26
2894,109,101,2,2025-01-25
2895,145,109,1,2025-03-04
2896,158,110,5,2024-11-27
2897,282,111,1,2024-11-15
2898,59,111,3,2024-07-25
2899,203,119,5,2025-03-01
2900,15,106,2,2025-03-25
2901,170,111,4,2024-10-04
2902,243,102,2,2024-07-25
2903,247,105,4,2024-07-14
2904,275,111,4,2025-02-24
2905,212,102,5,2024-12-19
2906,154,119,3,2024-11-26
2907,285,118,1,2024-07-31
2908,107,119,3,2025-05-12
2909,182,103,2,2025-05-01
2910,144,101,3,2024-12-17
2911,193,118,2,2025-01-25
2912,293,120,4,2024-06-12
2913,96,120,1,2024-12-10
2914,158,111,1,2024-06-03
2915,140,114,1,2025-04-11
2916,255,108,3,2025-04-14
2917,232,110,2,2024-06-18
2918,269,110,2,2025-04-03
2919,58,112,1,2025-02-04
2920,104,103,4,2024-06-08
2921,260,101,4,2025-03-13
2922,257,105,2,2024-05-23
2923,175,116,5,2024-10-28
2924,159,111,2,2024-07-13
2925,51,117,2,2025-04-13
2926,106,102,4,2025-01-20
2927,199,117,1,2024-08-18
2928,3,110,1,2024-06-16
2929,45,111,4,2025-02-19
2930,24,104,5,2024-07-18
2931,160,101,5,2024-05-24
2932,160,107,3,2024-08-13
2933,103,107,3,2024-12-03
2934,142,118,3,2024-11-14
2935,226,104,3,2024-10-12
2936,77,106,3,2024-06-13
2937,59,101,5,2025-01-15
2938,287,117,1,2025-01-23
2939,106,118,3,2025-02-03
2940,282,111,3,2025-05-18
2941,73,110,5,2025-01-15
2942,126,106,1,2025-05-10
2943,160,120,3,2024-11-24
2944,277,115,1,2025-02-01
2945,67,101,4,2024-11-26
2946,26,104,4,2024-05-27
2947,28,103,4,2024-05-23
2948,201,106,5,2024-12-13
2949,229,120,3,2024-12-21
2950,160,111,2,2024-10-27
2951,274,103,4,2024-05-25
2952,291,105,1,2024-05-27
2953,240,104,4,2024-12-12
2954,159,115,4,2025-02-25
2955,119,108,2,2024-09-04
2956,133,112,4,2024-12-15
2957,94,111,3,2024-09-09
2958,233,116,1,2024-05-27
2959,34,116,1,2024-12-02
2960,180,116,4,2025-04-01
2961,88,110,3,2025-02-16
2962,295,105,5,2025-02-06
2963,53,113,1,2024-11-04
2964,167,118,1,2025-03-30
2965,155,118,4,2025-05-20
2966,206,119,4,2025-05-09
2967,123,120,2,2024-07-29
2968,281,106,4,2024-07-01
2969,197,103,3,2025-05-12
2970,107,119,4,2024-06-27
2971,223,119,3,2024-12-10
2972,279,108,2,2024-07-17
2973,40,119,4,2024-08-22
2974,59,119,5,2024-08-03
2975,238,111,5,2025-01-16
2976,50,115,2,2024-12-11
2977,158,113,1,2024-08-27
2978,56,120,4,2025-04-02
2979,168,116,1,2024-10-05
2980,47,107,2,2024-09-01
2981,298,101,2,2025-03-25
2982,77,115,5,2024-10-22
2983,150,113,5,2024-06-20
2984,296,115,2,2024-10-12
2985,106,111,3,2024-10-25
2986,292,110,4,2024-11-15
2987,177,103,5,2024-12-26
2988,5,120,5,2024-08-23
2989,207,105,3,2025-02-15
2990,32,112,5,2024-08-16
2991,28,101,5,2024-09-14
2992,184,104,3,2025-02-10
2993,16,108,4,2025-04-07
2994,202,111,4,2025-04-15
2995,208,113,4,2024-06-21
2996,280,107,2,2025-01-29
2997,244,105,2,2025-04-19
2998,285,113,3,2025-01-28
2999,214,105,3,2025-03-11
3000,65,105,1,2024-06-02
